filepath,content_sha256,content_git,content_cid
.gitignore,ac244209df6370a954b10db85f1630454dd22ca7e616f351cad19d49e8aa6ce1,9bea4330f055c418ce73df7a354fd5c29ead0631,Qma6qhTfMNGFcCYzNvcrtZDyLer4SJLU8aci1uduNKsMoS
BostromJournal001.md,0c8d6c2e5b48ace5e07f81d3cd3f333851d5a48ac3a505e2167cba7de57494fd,87e8f948566c296e9c3fc6397341da994658414c,QmRumrGFrqxayDpySEkhjZS1WEtMyJcfXiqeVsngqig3ak
BostromJournal002.md,cf2e0302bcc4db2bde78ef87cc3c503334b518acdf8c9934a7da5ee049e79c55,ae247132e4c72c0fa997ac7d404db6f18bf4c81d,QmXR6SHPRHpD34mi9XeGMryBFEzDDkRxL3KYfp9Rrvhm97
LICENSE,30afd7c5987481adce84b01730d86e93ff517396d1a1baf93e756ea32b315445,1dcfe9bad4902dca835f5df6739e04064236c46a,QmT2uETZq6rpDPusjxEAWgqxVCouj6dPj6stZ9dh2UGAkz
README.md,dc7d1d4e007301c742dd15aaa6d728ad00f8b2410e3540caf2024eee419546ee,0685e7d6c5c9ed0dcaedab8dffc3e409f95aba28,QmaFSTxYmkqjZCATDddwNhbbLoGR3CSBchCpu1vtEQPHea
articles,,4540554a656c5166a37a28f0333d05cf7baeccb0,
articles/QmNSBAUQG5M5L233D8M9w3J5CV76Kwub4PKNSYs7EAHa1T.md,fe20817d2eab89d5a0a10d92f8eabdef9b54d4ed6a52ec245f4553182e86c6fd,60872892f8adf440311bc942b47333589cd7e3c6,QmNSBAUQG5M5L233D8M9w3J5CV76Kwub4PKNSYs7EAHa1T
articles/QmNUFQqQB3oRiB7FE2uJg7SX8sUqq6EozZbR73iJwtu5pK.md,348b06b834b08c558bdd6342e52edc389080db0789264063f30e27eadd923650,582e0ca02b38273466d33aff0618ee4e5de42372,QmNUFQqQB3oRiB7FE2uJg7SX8sUqq6EozZbR73iJwtu5pK
articles/QmNmG6zx4AXH2rK5wKM2JKB7VdWtFRkV1VBuFfiP513BrA.md,861758e6af9ed5ead83f87ff4a6798a1d5477716843e78209768268c37e27fec,412856f0077dc9f1548538eeb8fe0df686d1f1fd,QmNmG6zx4AXH2rK5wKM2JKB7VdWtFRkV1VBuFfiP513BrA
articles/QmPCfYHjtHwYJcarxVRL2pGJ1ishTgbUD6VHkSMdosi8T2.md,64146d7e911c1b941b14333d7544f334cf73c3fc0dd779ce052c7f89edca5239,64f63f826f2bbc2826b2a3fb85e7fe9336e715d3,QmPCfYHjtHwYJcarxVRL2pGJ1ishTgbUD6VHkSMdosi8T2
articles/QmPLpwwwj2Lpvi75uHM4RU35E2PC8vhSr1mEZ8fZezM4ZW.md,bb3e0f1d5531815909056575843961fc1053e89444d94c0a4e66656ef1875e0b,109e90c7ebcafc3fddf7bcc448b973c27c908537,QmPLpwwwj2Lpvi75uHM4RU35E2PC8vhSr1mEZ8fZezM4ZW
articles/QmPPihLToaWtA8HyKfs3QQ7eQhqddqH94QH4Wi76fNM6GY.md,8b42a6de652619a7acde9d897f134e090f2468f4e3aac38afdff5b59eb1c5173,27b6c6346a0b27b4b758c0951f11870d0d4330bf,QmPPihLToaWtA8HyKfs3QQ7eQhqddqH94QH4Wi76fNM6GY
articles/QmPp8Svrz2XWDhsoKKhGDQegX9VYyrSiJF5AmkW6JhDpJ9.md,6906f1112f90b2281e9267ff2e923d1c83a6ca2f3e70f32f886bc4adc90884b4,04d6f8400228d78fc70f329a3284d74a2ee3c410,QmPp8Svrz2XWDhsoKKhGDQegX9VYyrSiJF5AmkW6JhDpJ9
articles/QmPrSFNByH55pMoHsryj5JZ1VSCG3EANZdVkJfqMRf8ee5.md,74b3e79e88011b40e10331b54082454c444a8202cd350bf030a6efce5a82b0b2,eb91aa267175002b6f76ba3cd25b62c4e4cf0b78,QmPrSFNByH55pMoHsryj5JZ1VSCG3EANZdVkJfqMRf8ee5
articles/QmPvEfZvQBcWUngzErVoerRxH6QmwNpLV6szFDUmyECei1.md,288c2439779bcb496cf7fb5a66b89773820dedc67d00bb18506188699a4a19c0,03a22019789a29388af4d095d6ca469c579977ed,QmPvEfZvQBcWUngzErVoerRxH6QmwNpLV6szFDUmyECei1
articles/QmQcMkCx6wkJ9C1HmkH22naTS9EHm4BbdNkcUn1aDhnH1W.md,4adf5184e946281071951c3ea644f61a8dd935da9041f2c95eda153df21cc2dc,ed7c677b8fe2d9a9fbfd8cfe028f182b413d2f02,QmQcMkCx6wkJ9C1HmkH22naTS9EHm4BbdNkcUn1aDhnH1W
articles/QmQhvkpamvjqdCTk8qKT6dCb859Jc6Rsh2er41nMxFBYEy.md,91716dfbd4c8661c4989a22320bcd5084f8e178a96c5eab0afaf7c0fea1b906c,b494d1e1fb00294aae4612f6df8a6c8935ee66f5,QmQhvkpamvjqdCTk8qKT6dCb859Jc6Rsh2er41nMxFBYEy
articles/QmQwiV1xh299atDUsJwpCraL3CHsA8eywkwfxRktGDmvr4.md,6c783575fddf865792b5d98feeaf342998eb92b23830ed5d735612a7deb305ba,ba8053ac582f3c7df13a076ed6c1266ce9767b11,QmQwiV1xh299atDUsJwpCraL3CHsA8eywkwfxRktGDmvr4
articles/QmRJCxdcFZkWCvbbEeBTW3ReYtfniiiKVqFVwK3zKzfhQd.md,e3d90780b952c6d8a9156c28355a58c2efd473dc7d815b920f6db628d7d80888,f886088d0ab127fd69ed9b20337cd8afab5ef009,QmRJCxdcFZkWCvbbEeBTW3ReYtfniiiKVqFVwK3zKzfhQd
articles/QmRZ5qnLpBK5br4qJDTJAUVn2ny5fnbSTP6u6U5zMqzeTi.md,a5c9e9bb4262f5ac16a225570539739226e718a446faf06449f54ebb3c0ca4b6,ee77c6ba3298efdec31cd2965dcaf62e42c9d961,QmRZ5qnLpBK5br4qJDTJAUVn2ny5fnbSTP6u6U5zMqzeTi
articles/QmRtVs8uJEKHutyWfcxa5af2LUD7PnJyqqfmq48Y1DL1Ed.md,68cd10631249fa09c7e459a68fee1fb8eb15e72808e9b567c94133e94e742bc4,50921bbc5bd720755a83c665c234cc5059b988b7,QmRtVs8uJEKHutyWfcxa5af2LUD7PnJyqqfmq48Y1DL1Ed
articles/QmSa8JbvaY9ZWb2kUjJuWDM88jKDrEEm3qDfAMA7LDkUpp.md,6cd7d236867e1a83d9b96b6920093180566851ceb80f40f46c6d15f4f3227681,67dcf57b936b6b013216104e7d5075f42cb741ab,QmSa8JbvaY9ZWb2kUjJuWDM88jKDrEEm3qDfAMA7LDkUpp
articles/QmSvevbjD7ki2nYrxdqj4KqhbiddMhfqR6445FwzHVNVsH.md,6acbe8b6e78c5c0ead5a7f5f6bec0f076b54ffe9bebb1ba94d677081f7cbbfaa,41182d68eb52c1bb9ebc4312f9e751dbdf664de5,QmSvevbjD7ki2nYrxdqj4KqhbiddMhfqR6445FwzHVNVsH
articles/QmSxizUKhJhyVjzXQJfwiUabsdCdHSSWfkiMRAPcmVjqSY.md,943f2fc394fd066f5161e1e8a40d1781bd0f8d08d94f24cbe2168899b7944f5e,578a328e07dae0c3f1262be591a2c49e2236d3bf,QmSxizUKhJhyVjzXQJfwiUabsdCdHSSWfkiMRAPcmVjqSY
articles/QmTbdy4RKgHWY9NYQdYvbaRKNP6d2MUbC7MP3VfbdvTVJY.md,9aa25bd45571dbf425931e7f6e45ea2851d90594696185d366a61d2e54554d76,dc38369c7b7a9b2207017f9e5fee5d5d5fa34853,QmTbdy4RKgHWY9NYQdYvbaRKNP6d2MUbC7MP3VfbdvTVJY
articles/QmUKc2PLbVVWzER76TdBsZbJ3TCYUMWUAaQ72g2Cd5fYJR.md,e48bedaaea69dc42b5006ab8f19fc7a078dec10df4b3f4dc54b9a24f686b5803,cff77ff383db825619546d831febde8d960ebaa8,QmUKc2PLbVVWzER76TdBsZbJ3TCYUMWUAaQ72g2Cd5fYJR
articles/QmUNr2bonirpsANgGrtBNpkoCjE9FNyqRyk1Y5sA1LXTUG.md,fc2e09e98e169774472591c754138a17638f871e410b933cfdbd7a7d33892c66,413ce1cc8895b69c926a3d33783eca705336220b,QmUNr2bonirpsANgGrtBNpkoCjE9FNyqRyk1Y5sA1LXTUG
articles/QmUwTGzoSLno1JjBLZ3QwEVv7EJUtYyv9hQzAYD4L2TRot.md,ef169bb812d7f0782697c306af7ae2933edf168c88e8634ee633645890dd5d55,40e7512f38fd1121e672bdea622e31eba9236dbf,QmUwTGzoSLno1JjBLZ3QwEVv7EJUtYyv9hQzAYD4L2TRot
articles/QmVMg4mNPWMrdiPibEkHms49FtKoQ5AjcPUR2AvQuGNZR1.md,a3871736945538814003dd9656fd0e198d4f45bbf46da355d07559e90e6641c3,acfd11a7f2b37dfb2f84b54245f08facda25308e,QmVMg4mNPWMrdiPibEkHms49FtKoQ5AjcPUR2AvQuGNZR1
articles/QmVUdZRMuhuYUsyQfjzzwgjymdXsXzcgNeJ7bb6Eaeeave.md,c986c17dcb7b3f334d9a3b88cd721abc20b706a537b77e7f4b7c059dc20948d3,7c8239ae149f3f398f1f21662a7d3fb296a9ca10,QmVUdZRMuhuYUsyQfjzzwgjymdXsXzcgNeJ7bb6Eaeeave
articles/QmVsLuL5amVzq1RRFGvYhDKDEoDCdhpMCwpbJkcJXGpqxB.md,2c1291c0a702f5909660f3816b3f3c218ad556e5a2073e63911a2f63bfc06116,d4ba9d3c2222ccd7172c5405344631ea083c4532,QmVsLuL5amVzq1RRFGvYhDKDEoDCdhpMCwpbJkcJXGpqxB
articles/QmVusPoR1pk9dk4ZQkfPXmcygJjoR3d2ttJ8qmiF5kTxh3.md,31cb7a6139bfe87fdb3de91b77748f42ac4629300a4a1a35f9d1dca3938723a6,bed9c1166000744ba79518e48dbe25bffec9ca43,QmVusPoR1pk9dk4ZQkfPXmcygJjoR3d2ttJ8qmiF5kTxh3
articles/QmWnDz2eHQ2Lii42zkEuc3kgC1iLmg9vr2D6mjhkQfZT1P.md,d1e5dbbc810432e0dee59ce86e11c435d7caff19f8cb9b1dfe022e491507b45c,63dccab8f8e90dd330947c7c0917551bcc88ff54,QmWnDz2eHQ2Lii42zkEuc3kgC1iLmg9vr2D6mjhkQfZT1P
articles/QmXM7SNQUizxuttNbQ6YTfBnZvfWzWLCkDRnFbWp6bNN5i.md,ab642b376943c7e7465bcf11e7bb55fa32495de99a6775b1c4c13d4768bf7053,73d4e71c7d49a688dfaf90e0b188a357c61f0e85,QmXM7SNQUizxuttNbQ6YTfBnZvfWzWLCkDRnFbWp6bNN5i
articles/QmXPzdmPG4sa6sT5vLQWUuZ2cQRLe8ubCeud1x9pQE1rHU.md,07527b4e2c514ac31c9d6784f893f185ce076b1e9ffad11bfeebb25082295dc9,1c87003cf166c8f54fd0f14730571d520ce10062,QmXPzdmPG4sa6sT5vLQWUuZ2cQRLe8ubCeud1x9pQE1rHU
articles/QmXc7yHfHgirR2dNERJKcfWKnHKBm9Ag6wyLJfe66jzEP6.md,fda5dd4ca995dfb947582c369d53e4e6ebb568daf1254d00d24595b72b60acb8,8cc7d4dbdc9380fd48fec060a16fb274d358954a,QmXc7yHfHgirR2dNERJKcfWKnHKBm9Ag6wyLJfe66jzEP6
articles/QmXeeovYeGgbft4WoRBCrArfqeRmnuJc2i7tZDj6oDMTKp.md,2d6679b3f7e575c8a86f9edd420a6caf2dc0f84fb3d018daae8e174671e60a49,9a98b6b5a7fc18ac22f2be60638963c446ae6583,QmXeeovYeGgbft4WoRBCrArfqeRmnuJc2i7tZDj6oDMTKp
articles/QmXuGgY3Bn7S5pF9MxXdFbqQNTvipJUn21NGVT8hHoUWvj.md,8c61dd19b667b5ef9edda14d07be4e3446b7fa771adc993b0f1b5f5979596382,205a559256a5b32e23b384c0dfe3a81e1b0271c0,QmXuGgY3Bn7S5pF9MxXdFbqQNTvipJUn21NGVT8hHoUWvj
articles/QmXzdhAemiV1Y62MVAa722KpLtvE2YYMzvdLq6gWGTtsZ2.md,60f9a4cdd9413df5e3f04893de4be5dfbfc199f9832dd62a7428940ddb22ae87,f2ef42206616e9955d324d3936f4bd26aad0c959,QmXzdhAemiV1Y62MVAa722KpLtvE2YYMzvdLq6gWGTtsZ2
articles/QmY5GGToNJ7ZZEju5Q6n52qGLGti3wuLPAa5xNfFEjSjje.md,9b418004886d80019c3cd66b8c85b27920846bf0fb325300a3fe706df110c416,99250f255a066ee5c16723aff184d4ee1410a6f5,QmY5GGToNJ7ZZEju5Q6n52qGLGti3wuLPAa5xNfFEjSjje
articles/QmYJuLNoptNMQ6tqsnyu1Aas9WBm2piphbf1i8SPAgp2vp.md,5c2b245178c6a6321304ab1cad7ec5c37b46050a2ef18fc5a7113855e81c0b5a,6343adcc20accf5fbd65cc9d01fb03a425171269,QmYJuLNoptNMQ6tqsnyu1Aas9WBm2piphbf1i8SPAgp2vp
articles/QmYQQP2T23bcCrRqaTAV1cP5eZt2E5E1YUUW9q7Mk6ueFu.md,57b2b7b76d2cf71151c6a6544011999faee6cf4971ee4199842bfe68729b4ddb,58da3193bdabf4a499ab34aaafc1d5965396bcad,QmYQQP2T23bcCrRqaTAV1cP5eZt2E5E1YUUW9q7Mk6ueFu
articles/QmYc5CACuHDy74ZcwRNuvVqSfZV97h3N14xSboxruSchQ5.md,a0cdcb5219ea8056b7299e2407df7f5dce8506e352c7d26a2978c398d609663d,2ef0b65557460b9d7261595198a883c007a0da80,QmYc5CACuHDy74ZcwRNuvVqSfZV97h3N14xSboxruSchQ5
articles/QmYmSkdYB4AQma89zsKk34vH4p92VCB6wF3uHMPf5EQH3Y.md,c89e4c916edae058a1786e9fe6a629c76e7477fe07eb4316e17302fee045ef51,560816e36f8adabd0ae71556d99cb6849dec5f95,QmYmSkdYB4AQma89zsKk34vH4p92VCB6wF3uHMPf5EQH3Y
articles/QmZ21tAfZ4Yu2XCWDzMEFUQJFrMTVk8bAgt9GfLMXiYQhH.md,a1f104c9786e64ae990c7040ed23c4b0763bd9ce3d289d4503f9d1378dd38f09,47afba69cc7a0e3f6398e3c7399a3e134646fceb,QmZ21tAfZ4Yu2XCWDzMEFUQJFrMTVk8bAgt9GfLMXiYQhH
articles/QmZT67xw14PLH4pgWmZ5uhqYH18myN7t6UwT82ipTbrZcv.md,3d6d1d6d76ab0ceebb82c18d824fc972586935e2ed60bcb1f1dd5979b64289e8,c21dba15d2baea114fd6a7866875e45b8f6fd2f0,QmZT67xw14PLH4pgWmZ5uhqYH18myN7t6UwT82ipTbrZcv
articles/QmZkQXRHWteDJeB3CvM2UzazUvhVQhV5zLdLyKitZysyci.md,f95f7cc6d89de903559b95c4e44c57ab8ee11b8a01e1242e27e73c7b9a46a7a1,15e5a72ec6ba831bfa75ad902ba720f39c5caa20,QmZkQXRHWteDJeB3CvM2UzazUvhVQhV5zLdLyKitZysyci
articles/QmZm47H5JkEisXAzdFT5GzeLBDnaXKUD2grUpBoEUy2ynj.md,fdcd6fb08c3143817ab7933c95027a9c87f91dc45f5d2ce85e018c6363bed451,b34e3bf60d46f13347224a9e6b99b93194698de3,QmZm47H5JkEisXAzdFT5GzeLBDnaXKUD2grUpBoEUy2ynj
articles/QmaDSLJPYh7oiA7AsMFmugPLGhnGLkqgx1ELkwqyZPm8LH.md,6bdaeb907ec74b3e4df8e63dc39c44dea93d82fe90c27163173937b9eb5b17a1,35c652bb8764768a527be9962c730ddcc1225e39,QmaDSLJPYh7oiA7AsMFmugPLGhnGLkqgx1ELkwqyZPm8LH
articles/QmaJDbxxpeixQbkmUbfwL8y8MhmtVHejxiz1xXNDUg2rgt.md,96a0e62de1ceb9e8780fc823583c382e98e61c7fcbaf2a081d2e318a6999b130,1fe756d4ee53f529243ada97facc5704c4cf08d8,QmaJDbxxpeixQbkmUbfwL8y8MhmtVHejxiz1xXNDUg2rgt
articles/QmaVPb1vU8a2JSxL7pUq8mfEduV7k4Bajoc49TUBVGNT4H.md,4c83acddc615bd9bdeed305f1ade566e0a3d9061975270f7a524e7f6b224efbd,194dc5790e7a9a62bc1c9ce6fdfad5d6e2bcd4cb,QmaVPb1vU8a2JSxL7pUq8mfEduV7k4Bajoc49TUBVGNT4H
articles/Qmahxtp3r6PEHj5tpqf2cGeibou3ADkZwR6QVfxHU1urMe.md,9637ba612cc5971480b251720316c2e1b9b8412679b4642be4e1979e43e26348,dc68406c63ef985ab7973662c58d7dfffa577ebd,Qmahxtp3r6PEHj5tpqf2cGeibou3ADkZwR6QVfxHU1urMe
articles/QmavQb8Rx8gwsCUXejiWSFUXcE43bPysFCqyEEVkd5DGiV.md,a84ace5e43f3d345add1a177e209ae45616a6d942e0631d89df34f89e00893a2,29bbca9d2de5b948daaa66786e23c3882d3c7116,QmavQb8Rx8gwsCUXejiWSFUXcE43bPysFCqyEEVkd5DGiV
articles/QmaxcJk8QnWwHNc6EVcov6Y2CHHDRVHNQoyq7oNtbSuehk.md,a2dea2403b18a12fa62c899d41b28b86e619fec664824cd2494046a585906774,96d34b178511a38fd80e626e33b01974aca6d7bb,QmaxcJk8QnWwHNc6EVcov6Y2CHHDRVHNQoyq7oNtbSuehk
articles/Qmb9iL8JdJqRG1ioFAzes8MUWzJrxMWso8fW3fanVesL86.md,821449b645265f9c9b054da3b0c47b644c7a6552aa6c1cfb208e389bab82eb8e,eb1367a43e50cac8dffc8070b0494e07f84847bc,Qmb9iL8JdJqRG1ioFAzes8MUWzJrxMWso8fW3fanVesL86
articles/QmbiQrxZLvDsZ59oFuHHDQv244ESwgg9uZydoqmfESpCQS.md,2c5b06497e416e27cfbd6dbf194e78e9567b30a59bc495bffcbe3ec7ecae634f,779681d6e34bbed66d4b4a851e373dff88710b63,QmbiQrxZLvDsZ59oFuHHDQv244ESwgg9uZydoqmfESpCQS
articles/Qmbu96AqoHQ6uXcUhj82UGdpURSCgZFR2MehdE6jU47HiG.md,ae59835a310545f0903f7385cba40587cff29522a253f69cb764aec46e644e98,d41f48b156907214859e7ce8965dad1f3ac246ab,Qmbu96AqoHQ6uXcUhj82UGdpURSCgZFR2MehdE6jU47HiG
articles/QmcD2YLYLqZupui2bGnLzhiEJSSx7jNWNWoRGPQ3ChmdgM.md,299978ed0c53359f00007e11dafb93f88353c472474a12789e81aad55f5dbe85,37f2de60111f70c81f7339df67b2c2e2899e846d,QmcD2YLYLqZupui2bGnLzhiEJSSx7jNWNWoRGPQ3ChmdgM
articles/QmcNLxDFjRGgYGKBgeTL9NUwVuyFGQA8yPr9iaexP7QiL5.md,3a78ff9eb676d7829a438166059a5711760434e54f907fad110c856c2bccec46,9ab31db1cf8cc81b1a3dd2785462efc89fb85386,QmcNLxDFjRGgYGKBgeTL9NUwVuyFGQA8yPr9iaexP7QiL5
articles/QmcTqhdMm2YbBBbidvsKr6HzrJAkzBWDDCpHtyBt97JgSz.md,865baf6782acffaa8fa496af8c823610e562b798e81723b29ea636bfdd756c71,ceb6aecaca4fc8719da1d7b3ca4a883c93706b96,QmcTqhdMm2YbBBbidvsKr6HzrJAkzBWDDCpHtyBt97JgSz
articles/QmcaG7sxaCuZJ82MRTsdvHcNHjMTqQxsfEiYXtCzbtbAEb.md,86d6e907fbbaaf8f3e65c669e7344f5fda20e5e06e3d439f3805bbdf3345b26b,9de2676e426cc8ac44bc95e6f0f961e1b6ef2318,QmcaG7sxaCuZJ82MRTsdvHcNHjMTqQxsfEiYXtCzbtbAEb
articles/QmchcHetGKDEYFf6JkuxR2mFyWSU7XMxP2igY9NKFcsh8A.md,357f87c740ac1c49dc0d96a98d435e16fbcf922a4fc7c29bd1d0afea0149def4,3bc60eab6cbf9719b0a459dab0b3c4cdd8ca8368,QmchcHetGKDEYFf6JkuxR2mFyWSU7XMxP2igY9NKFcsh8A
articles/Qmd8C1vCR4KkfECE8SroHgtqJVmxvzbBbXtCMvm6n2AtYn.md,f557f48cfe9c91cc39daeb87601b2a370aa08042ce57da2af10cf0b6246b70ad,a2c1e444aaa5da87f65e120a374ba5898e48d1bb,Qmd8C1vCR4KkfECE8SroHgtqJVmxvzbBbXtCMvm6n2AtYn
articles/QmdDyMv8aM9i93r5DV5xLnk76H4Ns5q2UoEFtHiCMEBrXp.md,a2407ea22cb349fdd31bb52d8fcbe8e055a2bdb126bab58f0c9d37caef4d8fb1,594ffcdf1713880100fc868e9414b21c3ad17879,QmdDyMv8aM9i93r5DV5xLnk76H4Ns5q2UoEFtHiCMEBrXp
articles/QmdKySNztvPZ9zCp3VHYKdfyTY64WwwTHsk5d8LtZoJjHN.md,73aa0be186ff53ce792eb88691ea388526c18cc3e2b4c0e96dcede279211dbe0,187d34949bdf575c69118df228509401a771b5df,QmdKySNztvPZ9zCp3VHYKdfyTY64WwwTHsk5d8LtZoJjHN
articles/QmdjtqR5XARE7dfyYzyP8y17gi7Zbru3PPmtDyFW3RMbde.md,bbf1a8a144a9063463488dbf9ae0e2bfac413ad1efa621a10b9f5af054b0b897,8b6f8c4c06b17af20015483c6b104ab0717b4548,QmdjtqR5XARE7dfyYzyP8y17gi7Zbru3PPmtDyFW3RMbde
articles/QmdxF7sL5jeeuovxbH3HXWKdrDpPqYWJg6jiXcuZEEhd68.md,6bf763fc6a2e6fa2106ed1741ae1576ee71bdf081793e8782e773b0861d85f6f,63f7e6a92cbe5eb80b61a48f3e839be3b5bb7379,QmdxF7sL5jeeuovxbH3HXWKdrDpPqYWJg6jiXcuZEEhd68
articles/Qme4fdK5Edaz8woafZK9jNXU66o8juthWxnHNdzNdSc1PW.md,96d118609526f3729aab4f3ec631590ce70d65a6608b64c0a20bfe7e279c5099,53e4284953d2ba1b52cdcd6197bf1e39c3ad6d41,Qme4fdK5Edaz8woafZK9jNXU66o8juthWxnHNdzNdSc1PW
articles/Qme4ssKjJHD8aZ7y9C9ys4hQTNqkxtuXDtMzLVH5mJgJZH.md,62d8f8596e17913034dc90e5adcef9047da83a21e660a0c07833f5f31053089f,15ac1745c87eef4b3be7edf7250eaedd9160afca,Qme4ssKjJHD8aZ7y9C9ys4hQTNqkxtuXDtMzLVH5mJgJZH
articles/QmefpoJTMkv9GE1TBMPpkNaASE9cyvX8hRTrwuCkr2Wv6C.md,2fdb2121eb3ed00f940892997b90b8592a5a88b80fb94ee39eff57b4a387d6bd,b4889582c22d672190cc480f4c7fd4251ae14432,QmefpoJTMkv9GE1TBMPpkNaASE9cyvX8hRTrwuCkr2Wv6C
articles/Qmf1QdFjyhgzqTwAFtYF7HzjstT5W64yfYeMgUM95VMX3o.md,d4de27d570a81136e4cea3e92ac017087bcf1466476c43bf6c09243b393683c4,1105e1a9a1cb8c466d9cbb3b3b0ca88788c59fa0,Qmf1QdFjyhgzqTwAFtYF7HzjstT5W64yfYeMgUM95VMX3o
articles/QmfMXxEYv6pQagQaaViayN4atAbDuX3GdHdY4DjJLPUjTP.md,d3e93432d5c5629d11c7c68b6c35e6a174b13353447ca636a26453497d1df943,327b4376a0498fa4c8f7c242290e6a8f484b609d,QmfMXxEYv6pQagQaaViayN4atAbDuX3GdHdY4DjJLPUjTP
.,,,QmRQPFMusVdhQxDSg7qi8dfwxjzmgJ9uYBESVfHwgMREF5
